account_id,emp_no,email,full_name,status,entitlements,last_login
fin1003,E1003,barbara.nguyen@acme.example,Barbara Nguyen,Enabled,Expense_Submit,2026-06-01
fin1006,E1006,amara.martin@acme.example,Amara Martin,Enabled,Expense_Submit,2026-07-27
fin1018,,jennifer.anderson@acme.example,Jennifer Anderson,Enabled,Expense_Submit,2026-09-13
fin1024,E1024,mateo.fischer@acme.example,Mateo Fischer,Enabled,Expense_Submit|AP_Approver|GL_Viewer,2026-07-02
fin1025,E1025,kenji.miller@acme.example,Kenji Miller,Enabled,Expense_Submit|AP_Approver|GL_Viewer,2026-06-21
fin1026,E1026,yuki.lopez@acme.example,Yuki Lopez,Enabled,Expense_Submit|AP_Approver|GL_Viewer,2026-08-07
fin1027,E1027,olga.fischer@acme.example,Olga Fischer,Enabled,Expense_Submit|GL_Viewer,2026-08-26
fin1028,E1028,john.larsen@acme.example,John Larsen,Enabled,Expense_Submit|Payroll_View|Payroll_Admin,2026-06-18
fin1029,E1029,karen.haddad@acme.example,Karen Haddad,Enabled,Expense_Submit|GL_Viewer|GL_Admin,2026-09-18
fin1030,E1030,jessica.hernandez@acme.example,Jessica Hernandez,Enabled,Expense_Submit|GL_Viewer,2026-08-26
fin1031,E1031,zara.wilson@acme.example,Zara Wilson,Enabled,Expense_Submit|Payroll_View|Payroll_Admin,2026-07-24
fin1032,E1032,sarah.okafor@acme.example,Sarah Okafor,Enabled,Expense_Submit|GL_Viewer,2026-07-16
fin1033,E1033,john.thomas@acme.example,John Thomas,Enabled,Expense_Submit|GL_Viewer,2026-07-28
fin1034,,kenji.martinez@acme.example,Kenji Martinez,Enabled,Expense_Submit|Payroll_View|Payroll_Admin,2026-06-13
fin1035,,jessica.garcia@acme.example,Jessica Garcia,Enabled,Expense_Submit|Payroll_View|Payroll_Admin,2026-08-12
fin1036,E1036,fatima.larsen@acme.example,Fatima Larsen,Enabled,Expense_Submit|GL_Viewer,2026-06-22
fin1037,E1037,william.haddad@acme.example,William Haddad,Enabled,Expense_Submit|GL_Viewer,2026-06-14
fin1041,E1041,zara.ivanova@acme.example,Zara Ivanova,Enabled,Expense_Submit,2026-09-04
fin1048,E1048,charles.cohen@acme.example,Charles Cohen,Enabled,Expense_Submit,2026-07-01
fin1053,E1053,lucas.haddad@acme.example,Lucas Haddad,Enabled,Expense_Submit,2026-06-24
fin1057,E1057,michael.nakamura@acme.example,Michael Nakamura,Enabled,Expense_Submit,2026-07-07
fin1059,E1059,thomas.smith@acme.example,Thomas Smith,Enabled,Expense_Submit,2026-09-16
fin1067,E1067,grace.rossi@acme.example,Grace Rossi,Enabled,Expense_Submit,2026-07-08
fin1071,E1071,john.smith@acme.example,John Smith,Enabled,Expense_Submit,2026-07-28
fin1074,E1074,joseph.taylor@acme.example,Joseph Taylor,Enabled,Expense_Submit,2026-08-31
fin1079,E1079,omar.williams@acme.example,Omar Williams,Enabled,Expense_Submit,2026-06-04
fin1088,E1088,karen.chen@acme.example,Karen Chen,Enabled,Expense_Submit,2026-06-09
fin1091,E1091,aisha.hernandez@acme.example,Aisha Hernandez,Enabled,Expense_Submit,2026-06-12
fin1093,,josé.garcía@acme.example,José García,Enabled,Expense_Submit,2026-07-22
svc_finrecon,,,Reconciliation Service,Enabled,GL_Admin,2026-09-21
fin_tmp01,E9999,temp.auditor@external.example,Temp Auditor,Enabled,GL_Viewer,2025-11-02
